Workbook

Sheet 1_Pool_and_Trade
A1: THE AMM CURVE AND HOW IT ADAPTS TO A TRADE (engine law: tradeUpdateAt, trade-point conservation)
A3: POOL STATE — BEFORE
A4: x (asset reserve) | B4: 10
A5: y (cash reserve) | B5: 10
A6: w (weight) | B6: 0.5
A7: m (steepness knob) | B7: 1
A8: gamma = w/(1-w) | B8: =B6/(1-B6)
A9: g = m*gamma | B9: =B7*B8
A10: seam u* = LN(g/(g+1)) | B10: =LN(B9/(B9+1))
A11: seam S*/K = EXP(u*) | B11: =EXP(B10)
A12: V_atm | B12: =(1/(B9+1))*(B9/(B9+1))^B9
A14: THE TRADE (edit these)
A15: rho (ray / strike ratio) | B15: 4
A16: dy (cash in +, out -) | B16: 1
A18: TRADE-POINT QUANTITIES (engine law)
A19: y_T = y*rho^w | B19: =B5*B15^B6
A20: x_T = x*rho^(w-1) | B20: =B4*B15^(B6-1)
A21: alpha_T = w*x_T | B21: =B6*B20
A22: beta_T = (1-w)*y_T | B22: =(1-B6)*B19
A23: den = w*y_T + dy | B23: =B6*B19+B16
A25: POOL STATE — AFTER
A26: dx = -alpha_T*dy/den | B26: =-B21*B16/B23
A27: x' = x + dx | B27: =B4+B26
A28: y' = y + dy | B28: =B5+B16
A29: w' = den/(y_T+dy) | B29: =B23/(B19+B16)
A30: gamma' = w'/(1-w') | B30: =B29/(1-B29)
A31: g' = m*gamma' | B31: =B7*B30
A32: seam u*' | B32: =LN(B31/(B31+1))
A33: seam S*/K' | B33: =EXP(B32)
A34: V_atm' | B34: =(1/(B31+1))*(B31/(B31+1))^B31
A36: A trade changes w -> gamma -> g -> the SEAM MOVES and EVERY strike re-prices. That is the adaptation.

Sheet 2_Curve_Adapts
A1: THE CURVE BEFORE vs AFTER THE TRADE — every strike re-prices, the seam slides
A3: u=LN(S/K) | B3: S/K | C3: V BEFORE | D3: V AFTER | E3: change % | F3: Delta BEFORE | G3: Delta AFTER | H3: regime AFTER
A4: -0.9 | B4: =EXP(A4) | C4: =IF(A4<'1_Pool_and_Trade'!$B$10,1-EXP(A4),'1_Pool_and_Trade'!$B$12*EXP(-'1_Pool_and_Trade'!$B$9*A4)) | D4: =IF(A4<'1_Pool_and_Trade'!$B$32,1-EXP(A4),'1_Pool_and_Trade'!$B$34*EXP(-'1_Pool_and_Trade'!$B$31*A4)) | E4: =D4/C4-1 | F4: =IF(A4<'1_Pool_and_Trade'!$B$10,EXP(A4),'1_Pool_and_Trade'!$B$9*C4) | G4: =IF(A4<'1_Pool_and_Trade'!$B$32,EXP(A4),'1_Pool_and_Trade'!$B$31*D4) | H4: =IF(A4<'1_Pool_and_Trade'!$B$32,"INTRINSIC","continuation")
A5: -0.6 | B5: =EXP(A5) | C5: =IF(A5<'1_Pool_and_Trade'!$B$10,1-EXP(A5),'1_Pool_and_Trade'!$B$12*EXP(-'1_Pool_and_Trade'!$B$9*A5)) | D5: =IF(A5<'1_Pool_and_Trade'!$B$32,1-EXP(A5),'1_Pool_and_Trade'!$B$34*EXP(-'1_Pool_and_Trade'!$B$31*A5)) | E5: =D5/C5-1 | F5: =IF(A5<'1_Pool_and_Trade'!$B$10,EXP(A5),'1_Pool_and_Trade'!$B$9*C5) | G5: =IF(A5<'1_Pool_and_Trade'!$B$32,EXP(A5),'1_Pool_and_Trade'!$B$31*D5) | H5: =IF(A5<'1_Pool_and_Trade'!$B$32,"INTRINSIC","continuation")
A6: -0.3 | B6: =EXP(A6) | C6: =IF(A6<'1_Pool_and_Trade'!$B$10,1-EXP(A6),'1_Pool_and_Trade'!$B$12*EXP(-'1_Pool_and_Trade'!$B$9*A6)) | D6: =IF(A6<'1_Pool_and_Trade'!$B$32,1-EXP(A6),'1_Pool_and_Trade'!$B$34*EXP(-'1_Pool_and_Trade'!$B$31*A6)) | E6: =D6/C6-1 | F6: =IF(A6<'1_Pool_and_Trade'!$B$10,EXP(A6),'1_Pool_and_Trade'!$B$9*C6) | G6: =IF(A6<'1_Pool_and_Trade'!$B$32,EXP(A6),'1_Pool_and_Trade'!$B$31*D6) | H6: =IF(A6<'1_Pool_and_Trade'!$B$32,"INTRINSIC","continuation")
A7: 0 | B7: =EXP(A7) | C7: =IF(A7<'1_Pool_and_Trade'!$B$10,1-EXP(A7),'1_Pool_and_Trade'!$B$12*EXP(-'1_Pool_and_Trade'!$B$9*A7)) | D7: =IF(A7<'1_Pool_and_Trade'!$B$32,1-EXP(A7),'1_Pool_and_Trade'!$B$34*EXP(-'1_Pool_and_Trade'!$B$31*A7)) | E7: =D7/C7-1 | F7: =IF(A7<'1_Pool_and_Trade'!$B$10,EXP(A7),'1_Pool_and_Trade'!$B$9*C7) | G7: =IF(A7<'1_Pool_and_Trade'!$B$32,EXP(A7),'1_Pool_and_Trade'!$B$31*D7) | H7: =IF(A7<'1_Pool_and_Trade'!$B$32,"INTRINSIC","continuation")
A8: 0.3 | B8: =EXP(A8) | C8: =IF(A8<'1_Pool_and_Trade'!$B$10,1-EXP(A8),'1_Pool_and_Trade'!$B$12*EXP(-'1_Pool_and_Trade'!$B$9*A8)) | D8: =IF(A8<'1_Pool_and_Trade'!$B$32,1-EXP(A8),'1_Pool_and_Trade'!$B$34*EXP(-'1_Pool_and_Trade'!$B$31*A8)) | E8: =D8/C8-1 | F8: =IF(A8<'1_Pool_and_Trade'!$B$10,EXP(A8),'1_Pool_and_Trade'!$B$9*C8) | G8: =IF(A8<'1_Pool_and_Trade'!$B$32,EXP(A8),'1_Pool_and_Trade'!$B$31*D8) | H8: =IF(A8<'1_Pool_and_Trade'!$B$32,"INTRINSIC","continuation")
A9: 0.6 | B9: =EXP(A9) | C9: =IF(A9<'1_Pool_and_Trade'!$B$10,1-EXP(A9),'1_Pool_and_Trade'!$B$12*EXP(-'1_Pool_and_Trade'!$B$9*A9)) | D9: =IF(A9<'1_Pool_and_Trade'!$B$32,1-EXP(A9),'1_Pool_and_Trade'!$B$34*EXP(-'1_Pool_and_Trade'!$B$31*A9)) | E9: =D9/C9-1 | F9: =IF(A9<'1_Pool_and_Trade'!$B$10,EXP(A9),'1_Pool_and_Trade'!$B$9*C9) | G9: =IF(A9<'1_Pool_and_Trade'!$B$32,EXP(A9),'1_Pool_and_Trade'!$B$31*D9) | H9: =IF(A9<'1_Pool_and_Trade'!$B$32,"INTRINSIC","continuation")
A10: 0.9 | B10: =EXP(A10) | C10: =IF(A10<'1_Pool_and_Trade'!$B$10,1-EXP(A10),'1_Pool_and_Trade'!$B$12*EXP(-'1_Pool_and_Trade'!$B$9*A10)) | D10: =IF(A10<'1_Pool_and_Trade'!$B$32,1-EXP(A10),'1_Pool_and_Trade'!$B$34*EXP(-'1_Pool_and_Trade'!$B$31*A10)) | E10: =D10/C10-1 | F10: =IF(A10<'1_Pool_and_Trade'!$B$10,EXP(A10),'1_Pool_and_Trade'!$B$9*C10) | G10: =IF(A10<'1_Pool_and_Trade'!$B$32,EXP(A10),'1_Pool_and_Trade'!$B$31*D10) | H10: =IF(A10<'1_Pool_and_Trade'!$B$32,"INTRINSIC","continuation")
A13: Seam BEFORE / AFTER (S*/K): | C13: ='1_Pool_and_Trade'!B11 | D13: ='1_Pool_and_Trade'!B33

Sheet 3_Trade_Sequence
A1: A SEQUENCE OF TRADES — the curve keeps adapting; each row starts from the previous row's state
A3: step | B3: rho | C3: dy | D3: x | E3: y | F3: w | G3: gamma | H3: g | I3: seam S*/K | J3: V_atm
A4: 0 | D4: ='1_Pool_and_Trade'!B4 | E4: ='1_Pool_and_Trade'!B5 | F4: ='1_Pool_and_Trade'!B6 | G4: =F4/(1-F4) | H4: ='1_Pool_and_Trade'!$B$7*G4 | I4: =EXP(LN(H4/(H4+1))) | J4: =(1/(H4+1))*(H4/(H4+1))^H4
A5: 1 | B5: 4 | C5: 1 | D5: =D4-(F4*D4*B5^(F4-1))*C5/(F4*E4*B5^F4+C5) | E5: =E4+C5 | F5: =(F4*E4*B5^F4+C5)/(E4*B5^F4+C5) | G5: =F5/(1-F5) | H5: ='1_Pool_and_Trade'!$B$7*G5 | I5: =H5/(H5+1) | J5: =(1/(H5+1))*(H5/(H5+1))^H5
A6: 2 | B6: 0.5 | C6: -0.8 | D6: =D5-(F5*D5*B6^(F5-1))*C6/(F5*E5*B6^F5+C6) | E6: =E5+C6 | F6: =(F5*E5*B6^F5+C6)/(E5*B6^F5+C6) | G6: =F6/(1-F6) | H6: ='1_Pool_and_Trade'!$B$7*G6 | I6: =H6/(H6+1) | J6: =(1/(H6+1))*(H6/(H6+1))^H6
A7: 3 | B7: 2 | C7: 1.5 | D7: =D6-(F6*D6*B7^(F6-1))*C7/(F6*E6*B7^F6+C7) | E7: =E6+C7 | F7: =(F6*E6*B7^F6+C7)/(E6*B7^F6+C7) | G7: =F7/(1-F7) | H7: ='1_Pool_and_Trade'!$B$7*G7 | I7: =H7/(H7+1) | J7: =(1/(H7+1))*(H7/(H7+1))^H7
A8: 4 | B8: 1 | C8: -1.2 | D8: =D7-(F7*D7*B8^(F7-1))*C8/(F7*E7*B8^F7+C8) | E8: =E7+C8 | F8: =(F7*E7*B8^F7+C8)/(E7*B8^F7+C8) | G8: =F8/(1-F8) | H8: ='1_Pool_and_Trade'!$B$7*G8 | I8: =H8/(H8+1) | J8: =(1/(H8+1))*(H8/(H8+1))^H8
A9: 5 | B9: 3 | C9: 0.6 | D9: =D8-(F8*D8*B9^(F8-1))*C9/(F8*E8*B9^F8+C9) | E9: =E8+C9 | F9: =(F8*E8*B9^F8+C9)/(E8*B9^F8+C9) | G9: =F9/(1-F9) | H9: ='1_Pool_and_Trade'!$B$7*G9 | I9: =H9/(H9+1) | J9: =(1/(H9+1))*(H9/(H9+1))^H9

Sheet 4_CHECKS
A1: CHECKS on the trade law and the adaptation
A3: check | B3: value | C3: want | D3: what it proves
A4: T1 w' matches the pinned exhibit 11/21 | B4: ='1_Pool_and_Trade'!B29-11/21 | C4: =0 | D4: engine trade law reproduced exactly
A5: T2 x' matches 215/22 | B5: ='1_Pool_and_Trade'!B27-215/22 | C5: =0 | D5: trade-point conservation
A6: T3 dx matches -5/22 | B6: ='1_Pool_and_Trade'!B26+5/22 | C6: =0 | D6: the displaced-x law
A7: T4 w' strictly inside (0,1) | B7: =MIN('1_Pool_and_Trade'!B29,1-'1_Pool_and_Trade'!B29) | C7: >0 | D7: pool stays well-posed
A8: T5 seam MOVED (adaptation is real) | B8: ='1_Pool_and_Trade'!B33-'1_Pool_and_Trade'!B11 | C8: <>0 | D8: a trade re-prices the whole book
A9: T6 value >= intrinsic AFTER, deepest ITM | B9: ='2_Curve_Adapts'!D4-MAX(0,1-'2_Curve_Adapts'!B4) | C9: >=0 | D9: no arb vs exercising, post-trade
A10: T7 y' = y + dy exactly | B10: ='1_Pool_and_Trade'!B28-('1_Pool_and_Trade'!B5+'1_Pool_and_Trade'!B16) | C10: =0 | D10: cash leg is exact
A12: T1-T3 tie this sheet to the engine's pinned exhibit; if they are 0, the sheet IS the engine's law.
